1,,Red,,Consults,Green,,Consults,White,,Consults,Brown,,Consults,Yellow,,Consults,,,
,,Total,New,Total,Total,New,Total,Total,New,Total,Total,New,Total,Total,New,Total,total census,total new,total consults
Wednesday,7/1/2020,18,3,3,14,3,0,13,,1,,,,,,,45,6,4
Thursday,7/2/2020,15,3,1,13,1,0,13,2,1,,,,,,,41,6,2
Friday,7/3/2020,14,5,0,16,3,0,16,,1,,,,,,,46,8,1
Saturday,7/4/2020,12,2,0,16,5,0,15,,,,,,,,,43,7,0
Sunday,7/5/2020,16,7,0,17,3,1,15,,,,,,,,,48,10,1
Monday,7/6/2020,17,4,0,17,,1,15,,2,,,,,,,49,4,3
Tuesday,7/7/2020,17,4,1,18,3,2,14,2,0,,,,,,,49,9,3
Wednesday,7/8/2020,14,4,1,18,3,3,15,2,0,,,,,,,47,9,4
Thursday,7/9/2020,16,3,3,17,4,1,15,4,2,,,,,,,48,11,6
Friday,7/10/2020,15,4,2,13,2,0,10,0,4,,,,,,,38,6,6
Saturday,7/11/2020,14,2,2,12,2,0,16,10,1,,,,,,,42,14,3
Sunday,7/12/2020,12,0,2,13,3,1,16,2,1,,,,,,,41,5,4
Monday,7/13/2020,16,8,2,12,1,1,13,0,2,,,,,,,41,9,5
Tuesday,7/14/2020,14,4,0,15,2,1,13,1,1,,,,,,,42,7,2
Wednesday,7/15/2020,17,4,1,12,1,1,11,2,0,,,,,,,40,7,2
Thursday,7/16/2020,12,0,1,10,1,1,16,7,0,,,,,,,38,8,2
Friday,7/17/2020,10,2,0,14,2,1,12,3,0,,,,,,,36,7,1
Saturday,7/18/2020,15,6,0,12,3,0,15,2,3,,,,,,,42,11,3
Sunday,7/19/2020,15,3,0,15,3,0,17,8,1,,,,,,,47,14,1
Monday,7/20/2020,15,3,0,17,3,0,19,1,4,,,,,,,51,7,4
Tuesday,7/21/2020,16,7,2,15,2,2,19,2,3,,,,,,,50,11,7
Wednesday,7/22/2020,18,3,2,14,2,2,16,2,0,,,,,,,48,7,4
Thursday,7/23/2020,17,2,0,13,0,1,17,2,0,,,,,,,47,4,1
Friday,7/24/2020,13,0,0,12,0,0,17,4,1,,,,,,,42,4,1
Saturday,7/25/2020,14,4,0,,,0,13,0,0,,,,,,,27,4,0
Sunday,7/26/2020,16,6,0,,,,16,2,2,,,,,,,32,8,2
Monday,7/27/2020,16,4,0,,,,16,1,1,,,,,,,32,5,1
Tuesday,7/28/2020,13,1,0,,,,16,3,0,,,,16,4,2,45,8,2
Wednesday,7/29/2020,16,4,0,,,,16,4,0,,,,11,0,0,43,8,0
Thursday,7/30/2020,13,0,0,,,,12,2,,,,,8,0,0,33,2,0
Friday,7/31/2020,13,5,0,,,,12,2,,,,,14,5,0,39,12,0
Saturday,8/1/2020,12,3,0,,,,13,,,,,,12,1,0,37,4,0
Sunday,8/2/2020,13,3,1,,,,9,2,,,,,12,2,0,34,7,1
Monday,8/3/2020,16,3,1,,,,10,1,,,,,13,2,0,39,6,1
Tuesday,8/4/2020,,,,17,3,1,16,7,0,,,,12,2,1,45,12,2
Wednesday,8/5/2020,,,,16,3,0,18,4,2,,,,16,9,1,50,16,3
Thursday,8/6/2020,,,,14,3,0,17,3,2,,,,13,1,0,44,7,2
Friday,8/7/2020,,,,16,6,0,13,4,1,,,,14,4,0,43,14,1
Saturday,8/8/2020,,,,14,3,0,11,1,0,,,,16,6,0,41,10,0
Sunday,8/9/2020,,,,14,4,0,14,7,0,,,,15,1,0,43,12,0
Monday,8/10/2020,,,,16,4,0,16,4,0,,,,17,3,1,49,11,1
Tuesday,8/11/2020,,,,16,4,0,,,,,,,16,3,0,32,7,0
Wednesday,8/12/2020,,,,17,5,0,,,,,,,16,2,1,33,7,1
Thursday,8/13/2020,,,,12,4,0,,,,,,,17,3,1,29,7,1
Friday,8/14/2020,,,,12,1,0,,,,,,,15,0,3,27,1,3
Saturday,8/15/2020,,,,15,7,0,,,,,,,11,1,3,26,8,3
Sunday,8/16/2020,,,,13,0,0,,,,,,,14,5,2,27,5,2
Monday,8/17/2020,,,,14,1,1,16,1,1,,,,13,3,0,43,5,2
Tuesday,8/18/2020,15,2,2,17,4,1,17,2,,,,,16,5,0,65,13,3
Wednesday,8/19/2020,14,5,1,14,2,1,16,1,1,,,,13,1,1,57,9,4
Thursday,8/20/2020,13,3,1,17,5,1,15,2,1,,,,9,0,0,54,10,3
Friday,8/21/2020,13,4,1,13,2,1,14,1,0,,,,14,6,2,54,13,4
Saturday,8/22/2020,13,4,0,8,1,2,1,2,0,,,,12,1,0,34,8,2
Sunday,8/23/2020,15,3,0,14,7,1,13,1,0,,,,13,3,0,55,14,1
Monday,8/24/2020,13,4,0,12,2,0,15,2,,,,,15,3,0,55,11,0
Tuesday,8/25/2020,15,4,0,13,4,1,13,4,,,,,16,3,2,57,15,3
Wednesday,8/26/2020,10,1,0,15,,1,15,4,1,,,,16,3,2,56,8,4
Thursday,8/27/2020,13,4,0,13,,,13,4,,,,,14,0,2,53,8,2
Friday,8/28/2020,13,4,0,,,1,14,4,2,,,,16,4,2,43,12,5
Saturday,8/29/2020,8,2,,,,,13,,1,,,,15,3,2,36,5,3
Sunday,8/30/2020,13,5,,11,,1,,,,,,,15,1,2,39,6,3
Monday,8/31/2020,,,,10,2,2,,,,,,,14,0,1,24,2,3
Tuesday,9/1/2020,12,3,1,15,2,2,8,2,,,,,,,1,35,7,4
Wednesday,9/2/2020,10,4,1,14,2,2,6,4,,,,,,,1,30,10,4
Thursday,9/3/2020,7,0,2,13,0,1,7,3,,,,,,,1,27,3,4
Friday,9/4/2020,9,3,2,12,1,0,8,1,,,,,,,1,29,5,3
Saturday,9/5/2020,7,0,0,12,2,0,9,3,,,,,,,1,28,5,1
Sunday,9/6/2020,6,0,1,12,1,0,11,0,,,,,,,1,29,1,2
Monday,9/7/2020,12,7,0,10,2,,10,,,,,,,,1,32,9,1
Tuesday,9/8/2020,12,6,1,11,2,,13,3,,,,,10,0,1,46,11,2
Wednesday,9/9/2020,12,2,1,11,2,,11,0,0,,,,13,4,1,47,8,2
Thursday,9/10/2020,12,3,1,11,0,,11,1,0,,,,13,1,2,47,5,3
Friday,9/11/2020,12,2,0,13,3,,12,2,0,,,,12,4,1,49,11,1
Saturday,9/12/2020,12,5,0,7,1,,12,2,0,,,,10,0,1,41,8,1
Sunday,9/13/2020,10,0,0,11,4,,,,,,,,10,1,1,31,5,1
Monday,9/14/2020,9,0,0,11,,,,,,,,,12,2,0,32,2,0
Tuesday,9/15/2020,12,6,0,10,0,,12,2,0,,,,9,3,,43,11,0
Wednesday,9/16/2020,10,3,1,12,6,,13,1,1,,,,9,2,,44,12,2
Thursday,9/17/2020,12,5,1,12,4,,12,2,0,,,,11,3,,47,14,1
Friday,9/18/2020,12,1,1,9,0,2,13,2,0,,,,13,0,,47,3,3
Saturday,9/19/2020,9,0,0,14,7,1,12,0,0,,,,11,4,,46,11,1
Sunday,9/20/2020,9,1,0,11,0,1,13,1,0,,,,10,0,,43,2,1
Monday,9/21/2020,12,5,0,11,1,1,12,1,,,,,8,2,,43,9,1
Tuesday,9/22/2020,11,1,0,11,0,1,12,2,1,,,,12,3,1,46,6,3
Wednesday,9/23/2020,15,6,0,10,0,1,12,2,1,,,,12,1,1,49,9,3
Thursday,9/24/2020,12,3,0,11,4,1,12,2,1,,,,10,0,0,45,9,2
Friday,9/25/2020,13,3,0,11,0,1,12,3,2,,,,14,7,1,50,13,4
Saturday,9/26/2020,10,3,0,10,2,1,12,4,1,,,,11,1,1,43,10,3
Sunday,9/27/2020,11,2,1,14,2,,10,1,1,,,,12,4,1,47,9,3
Monday,9/28/2020,15,5,0,13,0,1,9,1,2,,,,12,1,1,49,7,4
Tuesday,9/29/2020,10,0,2,11,2,1,12,5,2,,,,11,0,0,44,7,5
Wednesday,9/30/2020,12,1,2,12,2,1,12,3,2,,,,16,6,0,52,12,5
Thursday,10/1/2020,16,3,2,12,2,1,14,5,0,,,,12,1,1,54,11,4
Friday,10/2/2020,16,2,1,16,4,1,13,3,0,,,,12,0,3,57,9,5
Saturday,10/3/2020,13,3,1,13,0,0,11,0,0,,,,15,1,3,52,4,4
Sunday,10/4/2020,12,4,,15,2,2,14,6,1,,,,16,4,4,57,16,7
Monday,10/5/2020,12,1,,15,1,2,12,2,1,,,,12,2,4,51,6,7
Tuesday,10/6/2020,16,6,0,14,1,1,12,1,3,,,,12,0,3,54,8,7
Wednesday,10/7/2020,12,1,0,16,3,1,12,5,3,,,,8,1,3,48,10,7
Thursday,10/8/2020,13,6,1,15,0,1,12,1,2,,,,12,3,3,52,10,7
Friday,10/9/2020,12,4,0,12,0,0,12,4,1,,,,12,2,2,48,10,3
Saturday,10/10/2020,11,3,0,12,5,0,10,3,0,,,,8,0,2,41,11,2
Sunday,10/11/2020,12,2,0,10,1,0,11,2,1,,,,12,4,1,45,9,2
Monday,10/12/2020,12,2,0,9,0,0,13,3,2,,,,12,1,1,46,6,3
Tuesday,10/13/2020,10,2,1,15,6,0,12,0,0,,,,13,3,1,50,11,2
Wednesday,10/14/2020,12,3,1,14,1,1,13,0,0,,,,11,2,0,50,6,2
Thursday,10/15/2020,11,1,1,10,4,1,12,4,0,,,,8,0,0,41,9,2
Friday,10/16/2020,12,5,4,8,0,1,8,0,0,,,,12,4,2,40,9,7
Saturday,10/17/2020,12,1,4,8,2,0,10,4,0,,,,11,5,1,41,12,5
Sunday,10/18/2020,11,4,1,11,4,0,10,0,0,,,,11,1,2,43,9,3
Monday,10/19/2020,10,2,1,10,0,0,8,0,0,,,,10,2,1,38,4,2
Tuesday,10/20/2020,8,2,1,8,0,0,8,4,1,,,,11,2,2,35,8,4
Wednesday,10/21/2020,8,0,,14,7,1,12,4,0,,,,,,,34,11,1
Thursday,10/22/2020,10,4,1,10,2,0,12,4,0,,,,,,,32,10,1
Friday,10/23/2020,11,3,1,9,3,0,9,2,,,,,,,,29,8,1
Saturday,10/24/2020,10,1,1,10,3,0,12,4,1,,,,,,,32,8,2
Sunday,10/25/2020,11,1,1,9,0,0,11,3,1,,,,,,,31,4,2
Monday,10/26/2020,11,,1,12,4,0,10,1,1,,,,,,,33,5,2
Tuesday,10/27/2020,10,3,1,12,2,0,10,3,1,,,,11,2,0,43,10,2
Wednesday,10/28/2020,12,4,0,13,3,1,14,5,2,,,,15,5,0,54,17,3
Thursday,10/29/2020,10,2,1,16,6,2,16,3,2,,,,16,1,0,58,12,5
Friday,10/30/2020,13,7,0,15,3,1,16,4,1,,,,11,0,0,55,14,2
Saturday,10/31/2020,12,0,0,14,2,0,16,4,1,,,,11,2,1,53,8,2
Sunday,11/1/2020,10,0,0,12,3,0,12,0,1,,,,11,0,2,45,3,3
Monday,11/2/2020,15,7,0,14,3,3,14,2,1,,,,,2,2,43,14,6
Tuesday,11/3/2020,12,1,1,16,5,2,12,1,0,,,,11,4,2,51,11,5
Wednesday,11/4/2020,,,,14,3,1,9,0,0,,,,15,2,1,38,5,2
Thursday,11/5/2020,,,,14,2,2,13,3,1,,,,12,1,0,39,6,3
Friday,11/6/2020,,,,15,6,2,12,2,1,,,,12,3,0,39,11,3
Saturday,11/7/2020,,,,11,0,1,8,0,1,,,,12,4,0,31,4,2
Sunday,11/8/2020,,,,12,1,1,12,8,3,,,,10,2,1,34,11,5
Monday,11/9/2020,,,,11,1,1,12,2,3,,,,8,0,1,31,3,5
Tuesday,11/10/2020,,,,11,2,2,9,0,3,,,,12,3,2,32,5,7
Wednesday,11/11/2020,,,,16,6,0,12,4,2,,,,9,1,2,37,11,4
Thursday,11/12/2020,,,,15,3,0,14,2,2,,,,14,7,2,43,12,4
Friday,11/13/2020,,,,13,4,3,16,1,5,,,,16,3,3,45,8,11
Saturday,11/14/2020,,,,12,3,0,11,3,1,,,,12,0,1,35,6,2
Sunday,11/15/2020,,,,11,0,0,10,1,2,,,,12,2,1,33,3,3
Monday,11/16/2020,,,,15,5,1,14,5,2,,,,14,5,3,43,15,6
Tuesday,11/17/2020,15,3,2,,,0,14,5,2,,,,16,2,3,45,10,7
Wednesday,11/18/2020,16,4,2,,,0,14,3,,,,,13,1,2,43,8,4
Thursday,11/19/2020,16,4,2,,,,14,3,1,,,,13,0,1,43,7,4
Friday,11/20/2020,16,5,1,,,,14,1,0,,,,16,7,1,46,13,2
Saturday,11/21/2020,12,0,1,,,,13,4,1,,,,12,1,1,37,5,3
Sunday,11/22/2020,12,3,2,,,,13,2,0,,,,12,3,1,37,8,3
Monday,11/23/2020,15,6,2,,,,10,1,,,,,12,0,1,37,7,3
Tuesday,11/24/2020,14,3,2,16,6,0,,,,,,,12,0,1,42,9,3
Wednesday,11/25/2020,17,4,2,12,1,0,,,,,,,16,8,1,45,13,3
Thursday,11/26/2020,15,3,1,14,3,2,,,,,,,12,1,0,41,7,3
Friday,11/27/2020,15,2,1,16,4,2,,,,,,,11,1,1,42,7,4
Saturday,11/28/2020,15,5,1,12,0,2,,,,,,,15,7,0,42,12,3
Sunday,11/29/2020,11,0,0,12,7,2,,,,,,,13,4,0,36,11,2
Monday,11/30/2020,8,1,1,16,4,2,,,,,,,15,5,0,39,10,3
Tuesday,12/1/2020,,,,13,1,2,17,3,1,,,,12,2,0,42,6,3
Wednesday,12/2/2020,,,,13,3,2,14,3,0,,,,8,2,0,35,8,2
Thursday,12/3/2020,,,,15,2,2,16,0,0,,,,16,10,1,47,12,3
Friday,12/4/2020,,,,19,7,3,16,4,0,,,,13,0,0,48,11,3
Saturday,12/5/2020,,,,16,2,1,16,5,0,,,,13,4,0,45,11,1
Sunday,12/6/2020,,,,14,2,0,19,6,0,,,,16,4,0,49,12,0
Monday,12/7/2020,,,,16,6,0,17,0,0,,,,16,3,0,49,9,0
Tuesday,12/8/2020,19,6,2,16,4,0,16,0,,,,,16,3,0,67,13,2
Wednesday,12/9/2020,18,1,2,16,4,0,18,6,,,,,16,4,0,68,15,2
Thursday,12/10/2020,13,0,1,16,4,0,13,3,,,,,13,3,1,55,10,2
Friday,12/11/2020,11,2,0,8,2,1,14,2,,,,,12,2,0,45,8,1
Saturday,12/12/2020,12,3,1,16,5,1,14,3,,,,,10,0,0,52,11,2
Sunday,12/13/2020,12,4,2,12,0,1,12,4,,,,,11,3,2,47,11,5
Monday,12/14/2020,12,3,0,12,3,1,8,1,,,,,12,2,,44,9,1
Tuesday,12/15/2020,11,1,0,,,,13,4,3,,,,12,4,2,36,9,5
Wednesday,12/16/2020,17,6,1,,,,13,5,0,,,,16,7,3,46,18,4
Thursday,12/17/2020,17,2,2,,,,18,6,1,,,,16,2,1,51,10,4
Friday,12/18/2020,12,0,0,,,,16,3,0,,,,9,5,1,37,8,1
Saturday,12/19/2020,17,3,1,,,,16,1,0,,,,17,3,2,50,7,3
Sunday,12/20/2020,13,0,1,,,,15,2,0,,,,16,4,1,44,6,2
Monday,12/21/2020,13,4,0,,,,13,0,0,,,,17,3,0,43,7,0
Tuesday,12/22/2020,16,6,0,14,0,2,14,2,1,,,,14,0,0,58,8,3
Wednesday,12/23/2020,13,0,0,10,2,1,16,4,0,,,,14,3,,53,9,1
Thursday,12/24/2020,13,2,0,14,8,0,12,0,0,,,,12,5,,51,15,0
Friday,12/25/2020,15,7,0,12,2,0,14,4,1,,,,11,0,,52,13,1
Saturday,12/26/2020,13,0,0,10,0,0,14,4,0,,,,10,5,4,47,9,4
Sunday,12/27/2020,16,4,0,10,1,1,16,3,0,,,,16,0,4,58,8,5
Monday,12/28/2020,,,,,,,16,1,0,,,,13,0,1,29,1,1
Tuesday,12/29/2020,,,,16,2,1,15,2,0,,,,15,3,,46,7,1
Wednesday,12/30/2020,,,,13,0,1,19,5,0,,,,15,1,0,47,6,0
Thursday,12/31/2020,,,,11,0,1,16,1,0,,,,13,2,0,40,3,1
Friday,1/1/2021,,,,16,5,2,12,0,,,,,13,0,0,41,5,2
Saturday,1/2/2021,,,,16,1,2,14,3,1,,,,12,1,0,42,5,3
Sunday,1/3/2021,,,,16,2,2,16,2,1,,,,,,,32,4,3
Monday,1/4/2021,,,,18,2,2,18,,0,,,,,,,36,2,2
Tuesday,1/5/2021,,,,19,3,2,17,0,2,,,,,,,36,3,4
Wednesday,1/6/2021,,,,18,3,1,19,2,1,,,,,,,37,5,2
Thursday,1/7/2021,,,,12,0,0,18,2,,,,,,,,30,2,0
Friday,1/8/2021,,,,18,4,2,16,3,,,,,,,,34,7,2
Saturday,1/9/2021,,,,16,3,2,16,2,,,,,,,,32,5,2
Sunday,1/10/2021,,,,16,0,2,18,4,,,,,,,,34,4,2
Monday,1/11/2021,,,,16,2,2,16,1,,,,,,,,32,3,2
Tuesday,1/12/2021,12,2,0,,,,16,3,,,,,,,,28,5,0
Wednesday,1/13/2021,15,1,0,,,,16,4,,,,,,,,31,5,0
Thursday,1/14/2021,14,3,1,,,,16,6,,,,,,,,30,9,1
Friday,1/15/2021,17,3,0,,,,16,4,,,,,,,,33,7,0
Saturday,1/16/2021,13,2,0,,,,16,4,,,,,,,,29,6,0
Sunday,1/17/2021,18,6,2,,,,16,0,,,,,,,,34,6,2
Monday,1/18/2021,17,2,2,,,,20,5,,,,,,,,37,7,2
Tuesday,1/19/2021,16,2,1,16,3,1,16,2,0,,,,16,2,3,64,9,5
Wednesday,1/20/2021,16,1,1,15,1,1,14,2,0,,,,16,4,2,61,8,4
Thursday,1/21/2021,16,3,1,12,3,1,12,1,0,,,,14,2,1,54,9,3
Friday,1/22/2021,16,4,1,16,6,0,,,,,,,14,,1,46,10,2
Saturday,1/23/2021,15,2,0,12,3,0,,,,,,,16,5,0,43,10,0
Sunday,1/24/2021,10,1,0,11,3,1,,,,,,,13,1,,34,5,1
Monday,1/25/2021,12,4,0,11,2,1,,,,,,,12,3,,35,9,1
Tuesday,1/26/2021,16,1,0,14,4,1,12,4,0,,,,12,1,0,54,10,1
Wednesday,1/27/2021,16,1,0,16,4,0,16,1,1,,,,14,4,1,62,10,2
Thursday,1/28/2021,12,0,0,12,1,0,12,1,1,,,,12,3,0,48,5,1
Friday,1/29/2021,16,4,1,12,4,2,16,5,1,,,,13,2,0,57,15,4
Saturday,1/30/2021,15,3,1,16,5,1,12,1,1,,,,9,0,0,52,9,3
Sunday,1/31/2021,16,2,1,15,2,1,11,2,1,,,,16,5,0,58,11,3
Monday,2/1/2021,16,0,1,17,4,0,,1,2,,,,,,,33,5,3
Tuesday,2/2/2021,20,6,2,,,,,,,,,,,,,36,8,2
Wednesday,2/3/2021,16,0,2,,,,,,,,,,,,,32,2,2
Thursday,2/4/2021,17,3,2,,,,,,,,,,,,,34,7,2
Friday,2/5/2021,16,3,2,,,,,,,,,,,,,33,8,2
Saturday,2/6/2021,16,5,2,,,,,,,,,,,,,16,5,2
Sunday,2/7/2021,15,0,1,,,,,,,,,,,,,15,0,1
Monday,2/8/2021,12,0,0,,,,,,,,,,,,,12,0,0
Tuesday,2/9/2021,9,1,0,,,,,,,,,,16,1,0,25,2,0
Wednesday,2/10/2021,12,3,0,,,,,,,,,,16,3,0,28,6,0
Thursday,2/11/2021,10,2,0,,,,,,,,,,14,0,0,24,2,0
Friday,2/12/2021,12,3,0,,,,,,,,,,12,5,0,24,8,0
Saturday,2/13/2021,15,3,0,,,,,,,,,,9,1,3,24,4,3
Sunday,2/14/2021,15,2,0,,,,,,,,,,12,4,1,27,6,1
Monday,2/15/2021,12,1,0,,,,,,,,,,12,9,2,24,10,2
Tuesday,2/16/2021,13,2,0,16,2,1,16,4,2,,,,17,0,0,62,8,3
Wednesday,2/17/2021,15,3,0,16,2,1,17,0,4,,,,16,0,1,64,5,6
Thursday,2/18/2021,19,5,1,17,4,1,17,0,3,,,,17,1,1,70,10,6
Friday,2/19/2021,17,4,1,17,5,2,17,1,3,,,,17,0,1,68,10,7
Saturday,2/20/2021,16,2,0,18,6,,16,0,3,,,,17,2,1,67,10,4
Sunday,2/21/2021,17,2,1,17,4,,16,0,3,,,,16,0,1,66,6,5
Monday,2/22/2021,17,3,,14,3,,16,0,3,,,,12,0,1,59,6,4
Tuesday,2/23/2021,15,2,0,,,,11,0,0,,,,8,6,0,34,8,0
Wednesday,2/24/2021,16,2,0,,,,11,2,1,,,,16,0,2,43,4,3
Thursday,2/25/2021,12,0,0,,,,15,5,0,,,,16,0,0,43,5,0
Friday,2/26/2021,10,3,0,,,,13,1,0,,,,14,0,0,37,4,0
Saturday,2/27/2021,14,8,0,,,,12,2,2,,,,14,0,0,40,10,2
Sunday,2/28/2021,12,1,0,,,,14,3,1,,,,12,3,0,38,7,1
Monday,3/1/2021,13,1,0,,,,15,2,0,,,,16,0,0,44,3,0
Tuesday,3/2/2021,,,,,,,11,0,0,,,,13,2,0,24,2,0
Wednesday,3/3/2021,,,,,,,10,1,0,,,,12,4,0,22,5,0
Thursday,3/4/2021,,,,,,,8,0,0,,,,12,3,0,20,3,0
Friday,3/5/2021,,,,,,,12,4,1,,,,14,5,0,26,9,1
Saturday,3/6/2021,,,,,,,11,2,1,,,,12,0,0,23,2,1
Sunday,3/7/2021,,,,,,,11,0,0,,,,12,1,0,23,1,0
Monday,3/8/2021,,,,,,,14,7,2,,,,13,2,1,27,9,3
Tuesday,3/9/2021,,,,,,,12,4,1,,,,13,4,2,25,8,3
Wednesday,3/10/2021,17,2,1,,,,12,3,1,,,,12,2,1,41,7,3
Thursday,3/11/2021,15,5,0,,,,12,3,1,,,,12,3,1,39,11,2
Friday,3/12/2021,16,4,0,,,,12,4,,,,,16,5,1,44,13,1
Saturday,3/13/2021,14,3,0,,,,,,,,,,13,1,0,27,4,0
Sunday,3/14/2021,18,4,1,,,,,,,,,,13,4,0,31,8,1
Monday,3/15/2021,,,,,,,,,,,,,11,1,0,11,1,0
Tuesday,3/16/2021,14,0,0,,,,12,4,0,,,,8,2,0,34,6,0
Wednesday,3/17/2021,10,2,0,,,,12,3,0,,,,11,4,0,33,9,0
Thursday,3/18/2021,12,4,0,,,,11,1,0,,,,10,0,0,33,5,0
Friday,3/19/2021,12,1,0,,,,12,1,0,,,,10,2,1,34,4,1
Saturday,3/20/2021,12,4,0,,,,14,6,4,,,,12,5,0,38,15,4
Sunday,3/21/2021,12,3,0,,,,12,1,3,,,,12,2,0,36,6,3
Monday,3/22/2021,12,3,0,,,,11,1,2,,,,12,2,2,35,6,4
Tuesday,3/23/2021,11,3,1,11,0,0,8,3,2,,,,10,0,1,40,6,4
Wednesday,3/24/2021,8,0,0,9,4,1,10,3,1,,,,13,3,1,40,10,3
Thursday,3/25/2021,8,2,0,9,4,0,9,0,0,,,,15,3,1,41,9,1
Friday,3/26/2021,10,4,0,12,3,0,9,2,1,,,,12,4,1,43,13,2
Saturday,3/27/2021,10,2,0,10,2,0,11,4,,,,,,,,31,8,0
Sunday,3/28/2021,12,2,0,10,3,0,9,1,1,,,,,,,31,6,1
Monday,3/29/2021,12,0,0,10,0,0,8,5,1,,,,,,,30,5,1
Tuesday,3/30/2021,,,,12,4,,11,3,1,,,,11,2,0,34,9,1
Wednesday,3/31/2021,,,,12,3,,12,1,1,,,,7,2,0,31,6,1
Thursday,4/1/2021,,,,12,4,,11,1,1,,,,7,4,1,30,9,2
Friday,4/2/2021,,,,12,4,,12,4,0,,,,13,8,0,37,16,0
Saturday,4/3/2021,,,,11,5,,12,3,0,,,,12,3,0,35,11,0
Sunday,4/4/2021,,,,12,3,,12,1,0,,,,10,2,0,34,6,0
Monday,4/5/2021,,,,12,2,,13,4,0,,,,13,3,1,38,9,1
Tuesday,4/6/2021,15,5,0,13,6,1,16,4,0,,,,16,3,0,60,18,1
Wednesday,4/7/2021,13,1,2,16,4,0,14,3,0,,,,16,4,0,59,12,2
Thursday,4/8/2021,14,5,1,14,3,0,12,2,0,,,,12,0,0,52,10,1
Friday,4/9/2021,12,3,0,13,4,0,16,6,0,,,,16,4,0,57,17,0
Saturday,4/10/2021,11,3,0,11,2,0,16,1,0,,,,12,0,0,50,6,0
Sunday,4/11/2021,13,2,1,15,3,0,12,4,0,,,,13,5,0,53,14,1
Monday,4/12/2021,14,1,0,14,5,0,12,1,0,,,,20,9,4,60,16,4
Tuesday,4/13/2021,15,4,1,12,0,0,13,3,0,,,,,,,40,7,1
Wednesday,4/14/2021,13,4,0,12,1,1,13,4,0,,,,,,,38,9,1
Thursday,4/15/2021,12,1,1,13,5,0,16,,0,,,,,,,41,6,1
Friday,4/16/2021,15,6,1,14,1,0,12,2,0,,,,,,,41,9,1
Saturday,4/17/2021,11,0,0,12,2,0,11,5,0,,,,,,,34,7,0
Sunday,4/18/2021,10,1,0,11,2,0,12,5,0,,,,,,,33,8,0
Monday,4/19/2021,11,4,0,10,1,0,11,2,0,,,,,,,32,7,0
Tuesday,4/20/2021,13,6,0,12,4,0,10,1,0,,,,,,,35,11,0
Wednesday,4/21/2021,12,1,1,12,3,0,8,1,1,,,,,,,32,5,2
Thursday,4/22/2021,12,5,0,11,3,1,13,7,0,,,,,,,36,15,1
Friday,4/23/2021,12,3,0,16,6,1,12,2,0,,,,,,,40,11,1
Saturday,4/24/2021,16,2,0,16,5,1,10,1,0,,,,,,,42,8,1
Sunday,4/25/2021,14,0,0,14,2,1,12,5,0,,,,,,,40,7,1
Monday,4/26/2021,12,4,0,12,1,0,11,1,0,,,,,,,35,6,0
Tuesday,4/27/2021,14,2,0,10,2,2,11,6,0,,,,14,1,0,49,11,2
Wednesday,4/28/2021,13,1,0,,,,11,4,,,,,13,3,0,37,8,0
Thursday,4/29/2021,15,3,0,,,,13,5,2,,,,16,7,0,44,15,2
Friday,4/30/2021,12,2,0,10,0,2,15,6,3,,,,14,1,0,51,9,5
Saturday,5/1/2021,8,1,10,14,4,1,12,0,3,,,,13,0,0,47,5,14
Sunday,5/2/2021,13,5,1,14,2,,7,1,0,,,,12,0,0,46,8,1
Monday,5/3/2021,12,0,0,,,,12,7,0,,,,13,1,0,37,8,0
Tuesday,5/4/2021,13,1,0,,,,,,,,,,15,4,,28,5,0
Wednesday,5/5/2021,16,7,0,,,,,,,,,,13,1,1,29,8,1
Thursday,5/6/2021,14,4,0,,,,,,,,,,11,1,0,25,5,0
Friday,5/7/2021,13,3,0,,,,,,,,,,15,3,,28,6,0
Saturday,5/8/2021,10,1,1,,,,,,,,,,14,0,,24,1,1
Sunday,5/9/2021,8,2,0,,,,,,,,,,15,3,0,23,5,0
Monday,5/10/2021,12,5,2,,,,,,,,,,12,0,0,24,5,2
Tuesday,5/11/2021,12,2,,,,,16,6,1,,,,11,3,1,39,11,2
Wednesday,5/12/2021,16,5,0,,,,16,4,0,,,,16,6,0,48,15,0
Thursday,5/13/2021,14,3,0,,,,16,2,0,,,,13,2,0,43,7,0
Friday,5/14/2021,15,4,0,,,,14,0,0,,,,13,1,0,42,5,0
Saturday,5/15/2021,15,5,0,,,,16,3,0,,,,16,6,0,47,14,0
Sunday,5/16/2021,15,1,0,,,,16,4,0,,,,16,1,0,47,6,0
Monday,5/17/2021,17,2,,,,,12,1,0,,,,16,0,0,45,3,0
Tuesday,5/18/2021,,,,13,5,1,16,5,1,,,,14,3,0,43,13,2
Wednesday,5/19/2021,,,,15,5,1,16,4,1,,,,14,2,0,45,11,2
Thursday,5/20/2021,,,,14,1,1,16,2,0,,,,15,7,0,45,10,1
Friday,5/21/2021,,,,12,1,2,16,1,0,,,,16,4,0,44,6,2
Saturday,5/22/2021,14,5,0,13,5,3,16,4,0,,,,13,1,1,56,15,4
Sunday,5/23/2021,16,3,1,12,1,3,16,5,1,,,,16,5,1,60,14,6
Monday,5/24/2021,13,0,1,11,0,1,16,1,1,,,,15,2,1,55,3,4
Tuesday,5/25/2021,12,3,3,14,8,1,,,,,,,16,4,0,42,15,4
Wednesday,5/26/2021,12,2,0,11,4,0,,,,,,,15,2,0,38,8,0
Thursday,5/27/2021,13,5,0,12,3,0,,,,,,,12,3,,37,11,0
Friday,5/28/2021,12,0,0,12,4,0,,,,,,,13,1,0,37,5,0
Saturday,5/29/2021,13,5,0,9,2,1,,,,,,,12,0,1,34,7,2
Sunday,5/30/2021,13,0,0,9,3,2,,,,,,,15,4,1,37,7,3
Monday,5/31/2021,12,0,0,10,2,2,,,,,,,13,3,0,35,5,2
Tuesday,6/1/2021,11,3,0,9,2,1,,,,,,,14,1,0,34,6,1
Wednesday,6/2/2021,13,7,0,16,9,2,,,,,,,13,3,0,42,19,2
Thursday,6/3/2021,16,3,0,13,4,0,,,,,,,14,2,0,43,9,0
Friday,6/4/2021,13,0,0,12,3,0,,,,,,,14,3,1,39,6,1
Saturday,6/5/2021,11,2,1,10,4,0,,,,,,,13,0,,34,6,1
Sunday,6/6/2021,16,5,1,10,1,0,,,,,,,,,,26,6,1
Monday,6/7/2021,13,0,0,13,4,1,,,,,,,,,,26,4,1
Tuesday,6/8/2021,12,4,1,,,,,,,,,,,,,12,4,1
Wednesday,6/9/2021,,,,,,,,,,,,,,,,0,0,0
Thursday,6/10/2021,,,,,,,,,,,,,,,,0,0,0
Friday,6/11/2021,13,5,0,,,,,,,,,,,,,13,5,0
Saturday,6/12/2021,11,0,0,,,,,,,,,,,,,11,0,0
Sunday,6/13/2021,12,2,0,,,,,,,,,,,,,12,2,0
Monday,6/14/2021,13,2,0,,,,,,,,,,,,,13,2,0
Tuesday,6/15/2021,13,3,1,,,,11,0,0,,,,,,,24,3,1
Wednesday,6/16/2021,14,2,1,,,,9,2,0,,,,,,,23,4,1
Thursday,6/17/2021,12,0,0,,,,15,7,0,,,,,,,27,7,0
Friday,6/18/2021,13,6,0,,,,13,0,0,,,,,,,26,6,0
Saturday,6/19/2021,16,3,0,,,,12,1,1,,,,,,,28,4,1
Sunday,6/20/2021,13,0,0,,,,14,5,2,,,,,,,27,5,2
Monday,6/21/2021,13,2,0,,,,13,0,2,,,,,,,26,2,2
Tuesday,6/22/2021,16,4,0,13,1,,15,4,0,,,,,,,44,9,0
Wednesday,6/23/2021,15,1,0,11,4,0,10,3,1,,,,,,,36,8,1
Thursday,6/24/2021,13,3,0,12,4,0,9,1,0,,,,,,,34,8,0
Friday,6/25/2021,12,1,,11,2,0,14,7,0,,,,,,,37,10,0
Saturday,6/26/2021,11,2,0,11,1,0,12,2,0,,,,,,,34,5,0
Sunday,6/27/2021,16,4,0,12,4,0,9,2,0,,,,,,,37,10,0
Monday,6/28/2021,,,,12,4,0,13,4,0,,,,,,,25,8,0
Tuesday,6/29/2021,,,,12,5,0,15,4,0,,,,,,,27,9,0
Wednesday,6/30/2021,,,,7,1,0,12,4,0,,,,,,,19,5,0
,,,,,,,,12,2,0,,,,,,,,,
,,,,,,,,12,3,0,,,,,,,,,
,,,,,,,,14,5,0,,,,,,,,,
,,,,,,,,12,2,0,,,,,,,,,